Country,Player Name,Position
Algeria,MASTIL Melvin,GK
Algeria,MANDI Aissa,DF
Algeria,ABADA Achref,DF
Algeria,TOUGAI Mohamed Amine,DF
Algeria,BELAID Zineddine,DF
Algeria,ZERROUKI Ramiz,MF
Algeria,MAHREZ Riyad,FW
Algeria,AOUAR Houssem,MF
Algeria,GOUIRI Amine,FW
Algeria,CHAIBI Fares,MF
Algeria,HADJ MOUSSA Anis,FW
Algeria,BENBOUALI Nadhir,FW
Algeria,HADJAM Jaouen,DF
Algeria,BOUDAOUI Hicham,MF
Algeria,AIT-NOURI Rayan,DF
Algeria,BENBOT Oussama,GK
Algeria,BELGHALI Rak,DF
Algeria,AMOURA Mohamed,FW
Algeria,BENTALEB Nabil,MF
Algeria,BOULBINA Adil,FW
Algeria,BENSEBAINI Ramy,DF
Algeria,MAZA Ibrahim,MF
Algeria,ZIDANE Luca,GK
Algeria,TITRAOUI Yassine,MF
Algeria,GHEDJEMIS Fares,FW
Algeria,CHERGUI Samir,DF
Argentina,MUSSO Juan,GK
Argentina,BALERDI Leonardo,DF
Argentina,TAGLIAFICO Nicolas,DF
Argentina,MONTIEL Gonzalo,DF
Argentina,PAREDES Leandro,MF
Argentina,MARTINEZ Lisandro,DF
Argentina,DE PAUL Rodrigo,MF
Argentina,BARCO Valentin,MF
Argentina,ALVAREZ Julian,FW
Argentina,MESSI Lionel,FW
Argentina,LO CELSO Giovani,MF
Argentina,RULLI Geronimo,GK
Argentina,ROMERO Cristian,DF
Argentina,PALACIOS Exequiel,MF
Argentina,GONZALEZ Nico,MF
Argentina,ALMADA Thiago,FW
Argentina,SIMEONE Giuliano,FW
Argentina,PAZ Nico,FW
Argentina,OTAMENDI Nicolas,DF
Argentina,MAC ALLISTER Alexis,MF
Argentina,LOPEZ Jose Manuel,FW
Argentina,MARTINEZ Lautaro,FW
Argentina,MARTINEZ Emiliano,GK
Argentina,FERNANDEZ Enzo,MF
Argentina,MEDINA Facundo,DF
Argentina,MOLINA Nahuel,DF
Australia,RYAN Mathew,GK
Australia,DEGENEK Milos,DF
Australia,CIRCATI Alessandro,DF
Australia,ITALIANO Jacob,DF
Australia,BOS Jordan,DF
Australia,GERIA Jason,DF
Australia,LECKIE Mathew,FW
Australia,METCALFE Connor,MF
Australia,TOURE Mohamed,FW
Australia,HRUSTIC Ajdin,FW
Australia,MABIL Awer,FW
Australia,IZZO Paul,GK
Australia,ONEILL Aiden,MF
Australia,DEVLIN Cameron,MF
Australia,TREWIN Kai,DF
Australia,BEHICH Aziz,DF
Australia,IRANKUNDA Nestory,FW
Australia,BEACH Patrick,GK
Australia,SOUTTAR Harry,DF
Australia,VOLPATO Cristian,FW
Australia,BURGESS Cameron,DF
Australia,IRVINE Jackson,MF
Australia,VELUPILLAY Nishan,FW
Australia,OKON-ENGSTLER Paul,MF
Australia,HERRINGTON Lucas,DF
Australia,YENGI Tete,FW
Austria,SCHLAGER Alexander,GK
Austria,AFFENGRUBER David,DF
Austria,DANSO Kevin,DF
Austria,SCHLAGER Xaver,MF
Austria,POSCH Stefan,DF
Austria,SEIWALD Nicolas,MF
Austria,ARNAUTOVIC Marko,FW
Austria,ALABA David,DF
Austria,SABITZER Marcel,MF
Austria,GRILLITSCH Florian,MF
Austria,GREGORITSCH Michael,FW
Austria,WIEGELE Florian,GK
Austria,PENTZ Patrick,GK
Austria,KALAJDZIC Sasa,FW
Austria,LIENHART Philipp,DF
Austria,MWENE Phillip,DF
Austria,CHUKWUEMEKA Carney,MF
Austria,SCHMID Romano,MF
Austria,BAUMGARTNER Christoph,MF
Austria,LAIMER Konrad,MF
Austria,WIMMER Patrick,FW
Austria,PRASS Alexander,MF
Austria,FRIEDL Marco,DF
Austria,WANNER Paul,MF
Austria,SVOBODA Michael,DF
Austria,SCHOEPF Alessandro,MF
Belgium,COURTOIS Thibaut,GK
Belgium,DEBAST Zeno,DF
Belgium,THEATE Arthur,DF
Belgium,MECHELE Brandon,DF
Belgium,DE CUYPER Maxim,DF
Belgium,WITSEL Axel,MF
Belgium,DE BRUYNE Kevin,MF
Belgium,TIELEMANS Youri,MF
Belgium,LUKAKU Romelu,FW
Belgium,TROSSARD Leandro,FW
Belgium,DOKU Jeremy,FW
Belgium,LAMMENS Senne,GK
Belgium,PENDERS Mike,GK
Belgium,LUKEBAKIO Dodi,FW
Belgium,MEUNIER Thomas,DF
Belgium,DE WINTER Koni,DF
Belgium,DE KETELAERE Charles,FW
Belgium,SEYS Joaquin,DF
Belgium,MOREIRA Diego,MF
Belgium,VANAKEN Hans,MF
Belgium,CASTAGNE Timothy,DF
Belgium,SAELEMAEKERS Alexis,MF
Belgium,RASKIN Nicolas,MF
Belgium,ONANA Amadou,MF
Belgium,NGOY Nathan,DF
Belgium,FERNANDEZ-PARDO Matias,FW
Bosnia And Herzegovina,VASILJ Nikola,GK
Bosnia And Herzegovina,MUJAKIC Nihad,DF
Bosnia And Herzegovina,HADZIKADUNIC Dennis,DF
Bosnia And Herzegovina,MUHAREMOVIC Tarik,DF
Bosnia And Herzegovina,KOLASINAC Sead,DF
Bosnia And Herzegovina,TAHIROVIC Benjamin,MF
Bosnia And Herzegovina,DEDIC Amar,DF
Bosnia And Herzegovina,GIGOVIC Armin,MF
Bosnia And Herzegovina,BAZDAR Samed,FW
Bosnia And Herzegovina,DEMIROVIC Ermedin,FW
Bosnia And Herzegovina,DZEKO Edin,FW
Bosnia And Herzegovina,JURKAS Mladen,GK
Bosnia And Herzegovina,BASIC Ivan,MF
Bosnia And Herzegovina,SUNJIC Ivan,MF
Bosnia And Herzegovina,MEMIC Amar,MF
Bosnia And Herzegovina,HADZIAHMETOVIC Amir,MF
Bosnia And Herzegovina,BURNIC Dzenis,MF
Bosnia And Herzegovina,KATIC Nikola,DF
Bosnia And Herzegovina,ALAJBEGOVIC Kerim,FW
Bosnia And Herzegovina,BAJRAKTAREVIC Esmir,FW
Bosnia And Herzegovina,RADELJIC Stjepan,DF
Bosnia And Herzegovina,ZLOMISLIC Martin,GK
Bosnia And Herzegovina,TABAKOVIC Haris,FW
Bosnia And Herzegovina,CELIK Nidal,DF
Bosnia And Herzegovina,LUKIC Jovo,FW
Bosnia And Herzegovina,MAHMIC Ermin,MF
Brazil,ALISSON,GK
Brazil,EDERSON SILVA,MF
Brazil,GABRIEL MAGALHAES,DF
Brazil,MARQUINHOS,DF
Brazil,CASEMIRO,MF
Brazil,ALEX SANDRO,DF
Brazil,VINICIUS JUNIOR,FW
Brazil,BRUNO GUIMARAES,MF
Brazil,MATHEUS CUNHA,FW
Brazil,NEYMAR JR,FW
Brazil,RAPHINHA,FW
Brazil,WEVERTON,GK
Brazil,DANILO,DF
Brazil,BREMER,DF
Brazil,LEO PEREIRA,DF
Brazil,DOUGLAS SANTOS,DF
Brazil,FABINHO,MF
Brazil,DANILO SANTOS,MF
Brazil,ENDRICK,FW
Brazil,LUCAS PAQUETA,MF
Brazil,LUIZ HENRIQUE,FW
Brazil,GABRIEL MARTINELLI,FW
Brazil,EDERSON,GK
Brazil,ROGER IBANEZ,DF
Brazil,IGOR THIAGO,FW
Brazil,RAYAN,FW
Cabo Verde,VOZINHA,GK
Cabo Verde,STOPIRA,DF
Cabo Verde,DINEY BORGES,DF
Cabo Verde,PICO LOPES,DF
Cabo Verde,LOGAN COSTA,DF
Cabo Verde,KEVIN PINA,MF
Cabo Verde,JOVANE CABRAL,MF
Cabo Verde,JOAO PAULO,MF
Cabo Verde,GILSON BENCHIMOL,FW
Cabo Verde,JAMIRO MONTEIRO,MF
Cabo Verde,GARRY RODRIGUES,MF
Cabo Verde,MARCIO ROSA,GK
Cabo Verde,SIDNY LOPES CABRAL,DF
Cabo Verde,DEROY DUARTE,MF
Cabo Verde,LAROS DUARTE,MF
Cabo Verde,YANNICK SEMEDO,MF
Cabo Verde,WILLY SEMEDO,MF
Cabo Verde,TELMO ARCANJO,MF
Cabo Verde,DAILON LIVRAMENTO,FW
Cabo Verde,RYAN MENDES,FW
Cabo Verde,NUNO DA COSTA,MF
Cabo Verde,STEVEN MOREIRA,DF
Cabo Verde,CJ DOS SANTOS,GK
Cabo Verde,WAGNER PINA,DF
Cabo Verde,KELVIN PIRES,DF
Cabo Verde,HELIO VARELA,MF
Canada,ST. CLAIR Dayne,GK
Canada,JOHNSTON Alistair,DF
Canada,JONES Ale,DF
Canada,DE FOUGEROLLES Luc,DF
Canada,WATERMAN Joel,DF
Canada,CHOINIERE Mathieu,MF
Canada,EUSTAQUIO Stephen,MF
Canada,KONE Ismael,MF
Canada,LARIN Cyle,FW
Canada,DAVID Jonathan,FW
Canada,MILLAR Liam,MF
Canada,OLUWASEYI Tani,FW
Canada,CORNELIUS Derek,DF
Canada,SHAFFELBURG Jacob,MF
Canada,BOMBITO Moise,DF
Canada,CREPEAU Maxime,GK
Canada,BUCHANAN Tajon,FW
Canada,GOODMAN Owen,GK
Canada,DAVIES Alphonso,DF
Canada,AHMED Ali,FW
Canada,OSORIO Jonathan,MF
Canada,LARYEA Richie,DF
Canada,SIGUR Niko,DF
Canada,DAVID Promise,FW
Canada,SALIBA Nathan,MF
Canada,FLORES Marcelo,MF
Colombia,OSPINA David,GK
Colombia,MUNOZ Daniel,DF
Colombia,LUCUMI Jhon,DF
Colombia,ARIAS Santiago,DF
Colombia,CASTANO Kevin,MF
Colombia,RIOS Richard,MF
Colombia,DIAZ Luis,FW
Colombia,CARRASCAL Jorge,MF
Colombia,CORDOBA Jhon,FW
Colombia,RODRIGUEZ James,MF
Colombia,ARIAS Jhon,MF
Colombia,VARGAS Camilo,GK
Colombia,MINA Yerry,DF
Colombia,PUERTA Gustavo,DF
Colombia,PORTILLA Juan,MF
Colombia,LERMA Jefferson,MF
Colombia,MOJICA Johan,DF
Colombia,DITTA Willer,DF
Colombia,HERNANDEZ Cucho,FW
Colombia,QUINTERO Juan,MF
Colombia,CAMPAZ Jaminton,FW
Colombia,MACHADO Deiver,DF
Colombia,SANCHEZ Davinson,DF
Colombia,MONTERO Alvaro,GK
Colombia,SUAREZ Luis,FW
Colombia,GOMEZ Andres,FW
Congo DR,MPASI Lionel,GK
Congo DR,WAN-BISSAKA Aaron,DF
Congo DR,KAPUADI Steve,DF
Congo DR,TUANZEBE Axel,DF
Congo DR,BATUBINSIKA Dylan,DF
Congo DR,MUKAU Ngalayel,MF
Congo DR,MBUKU Nathanael,MF
Congo DR,MOUTOUSSAMY Samuel,MF
Congo DR,CIPENGA Brian,FW
Congo DR,BONGONDA Theo,MF
Congo DR,KAKUTA Gael,FW
Congo DR,KAYEMBE Joris,DF
Congo DR,ELIA Meschack,FW
Congo DR,SADIKI Noah,MF
Congo DR,TSHIBOLA Aaron,MF
Congo DR,FAYULU Timothy,GK
Congo DR,BAKAMBU Cedric,FW
Congo DR,PICKEL Charles,MF
Congo DR,MAYELE Fiston,FW
Congo DR,WISSA Yoane,FW
Congo DR,EPOLO Matthieu,GK
Congo DR,MBEMBA Chancel,DF
Congo DR,BANZA Simon,FW
Congo DR,KALULU Gedeon,DF
Congo DR,KAYEMBE Edo,MF
Congo DR,MASUAKU Arthur,DF
Ivory Coast,FOFANA Yahia,GK
Ivory Coast,DIOMANDE Ousmane,DF
Ivory Coast,KONAN Ghislain,DF
Ivory Coast,SERI Jean Michael,MF
Ivory Coast,SINGO Wilfried,DF
Ivory Coast,FOFANA Seko,MF
Ivory Coast,KOSSOUNOU Odilon,DF
Ivory Coast,KESSIE Franck,MF
Ivory Coast,BONNY Ange-Yoan,FW
Ivory Coast,ADINGRA Simon,FW
Ivory Coast,DIOMANDE Yan,FW
Ivory Coast,WAHI Elye,FW
Ivory Coast,OPERI Christopher,DF
Ivory Coast,DIAKITE Oumar,FW
Ivory Coast,DIALLO Amad,FW
Ivory Coast,KONE Mohamed,GK
Ivory Coast,DOUE Guela,DF
Ivory Coast,SANGARE Ibrahim,MF
Ivory Coast,PEPE Nicolas,FW
Ivory Coast,AGBADOU Emmanuel,DF
Ivory Coast,NDICKA Evan,DF
Ivory Coast,GUESSAND Evann,FW
Ivory Coast,LAFONT Alban,GK
Ivory Coast,TOURE Bazoumana,FW
Ivory Coast,GUIAGON Parfait,MF
Ivory Coast,OULAI Christ Inao,MF
Croatia,LIVAKOVIC Dominik,GK
Croatia,STANISIC Josip,DF
Croatia,PONGRACIC Marin,DF
Croatia,GVARDIOL Josko,DF
Croatia,CALETA-CAR Duje,DF
Croatia,SUTALO Josip,DF
Croatia,MORO Nikola,MF
Croatia,KOVACIC Mateo,MF
Croatia,KRAMARIC Andrej,FW
Croatia,MODRIC Luka,MF
Croatia,BUDIMIR Ante,FW
Croatia,PANDUR Ivor,GK
Croatia,VLASIC Nikola,MF
Croatia,PERISIC Ivan,FW
Croatia,PASALIC Mario,MF
Croatia,BATURINA Martin,MF
Croatia,SUCIC Petar,MF
Croatia,JAKIC Kristijan,DF
Croatia,FRUK Toni,MF
Croatia,MATANOVIC Igor,FW
Croatia,SUCIC Luka,MF
Croatia,VUSKOVIC Luka,DF
Croatia,KOTARSKI Dominik,GK
Croatia,PASALIC Marco,FW
Croatia,ERLIC Martin,DF
Croatia,MUSA Petar,FW
Curacao,ROOM Eloy,GK
Curacao,SAMBO Shurandy,DF
Curacao,GAARI Jurien,DF
Curacao,VAN EIJMA Roshon,DF
Curacao,FLORANUS Sherel,DF
Curacao,ROEMERATOE Godfried,MF
Curacao,BACUNA Juninho,MF
Curacao,COMENENCIA Livano,MF
Curacao,LOCADIA Juergen,FW
Curacao,BACUNA Leandro,MF
Curacao,ANTONISSE Jeremy,FW
Curacao,HANSEN Sontje,FW
Curacao,NOSLIN Tyrese,FW
Curacao,GORRE Kenji,FW
Curacao,MARTHA Arjany,MF
Curacao,MARGARITHA Jearl,FW
Curacao,KUWAS Brandley,FW
Curacao,OBISPO Armando,DF
Curacao,KASTANEER Gervane,FW
Curacao,BRENET Joshua,DF
Curacao,CHONG Tahith,MF
Curacao,FELIDA Kevin,MF
Curacao,BAZOER Riechedly,DF
Curacao,FONVILLE Deveron,DF
Curacao,BODAK Tyrick,GK
Curacao,DOORNBUSCH Trevor,GK
Czechia,KOVAR Matej,GK
Czechia,ZIMA David,DF
Czechia,HOLES Tomas,DF
Czechia,HRANAC Robin,DF
Czechia,COUFAL Vladimir,DF
Czechia,CHALOUPEK Stepan,DF
Czechia,KREJCI Ladislav,DF
Czechia,DARIDA Vladimir,MF
Czechia,HLOZEK Adam,FW
Czechia,SCHICK Patrik,FW
Czechia,KUCHTA Jan,FW
Czechia,CERV Lukas,MF
Czechia,CHYTIL Mojmir,FW
Czechia,JURASEK David,DF
Czechia,SULC Pavel,FW
Czechia,STANEK Jindrich,GK
Czechia,PROVOD Lukas,MF
Czechia,SADILEK Michal,MF
Czechia,CHORY Tomas,FW
Czechia,ZELENY Jaroslav,DF
Czechia,DOUDERA David,DF
Czechia,SOUCEK Tomas,MF
Czechia,HORNICEK Lukas,GK
Czechia,SOJKA Alexandr,MF
Czechia,SOCHUREK Hugo,MF
Czechia,VISINSKY Denis,FW
Ecuador,GALINDEZ Hernan,GK
Ecuador,TORRES Felix,DF
Ecuador,HINCAPIE Piero,DF
Ecuador,ORDONEZ Joel,DF
Ecuador,ALCIVAR Jordy,MF
Ecuador,PACHO Willian,DF
Ecuador,ESTUPINAN Pervis,DF
Ecuador,VALENCIA Anthony,MF
Ecuador,YEBOAH John,FW
Ecuador,PAEZ Kendry,MF
Ecuador,RODRIGUEZ Kevin,FW
Ecuador,RAMIREZ Moises,GK
Ecuador,VALENCIA Enner,FW
Ecuador,MINDA Alan,MF
Ecuador,VITE Pedro,MF
Ecuador,CAICEDO Jordy,FW
Ecuador,PRECIADO Angelo,DF
Ecuador,CASTILLO Denil,MF
Ecuador,PLATA Gonzalo,FW
Ecuador,ANGULO Nilson,FW
Ecuador,FRANCO Alan,MF
Ecuador,VALLE Gonzalo,GK
Ecuador,CAICEDO Moises,MF
Ecuador,AREVALO Jeremy,FW
Ecuador,POROZO Jackson,DF
Ecuador,MEDINA Yaimar,DF
Egypt,MOHAMED ELSHENAWY,GK
Egypt,YASSER IBRAHIM,DF
Egypt,MOHAMED HANY,DF
Egypt,HOSSAM ABDELMAGUID,DF
Egypt,RAMY RABIA,DF
Egypt,MOHAMED ABDELMONEIM,DF
Egypt,TREZEGUET,FW
Egypt,EMAM ASHOUR,MF
Egypt,HAMZA ABDELKARIM,FW
Egypt,MOHAMED SALAH,FW
Egypt,MOSTAFA ZICO,MF
Egypt,HAISSEM HASSAN,FW
Egypt,AHMED FATOUH,DF
Egypt,HAMDY FATHY,MF
Egypt,KARIM HAFEZ,DF
Egypt,MAHDY SOLIMAN,GK
Egypt,MOHANAD LASHIN,MF
Egypt,NABIL DONGA,MF
Egypt,MARAWAN ATTIA,MF
Egypt,IBRAHIM ADEL,FW
Egypt,MAHMOUD SABER,MF
Egypt,OMAR MARMOUSH,FW
Egypt,MOSTAFA SHOUBIR,GK
Egypt,TAREK ALAA,DF
Egypt,ZIZO,FW
Egypt,MOHAMED ALAA,GK
England,PICKFORD Jordan,GK
England,KONSA Ezri,DF
England,OREILLY Nico,DF
England,RICE Declan,MF
England,STONES John,DF
England,GUEHI Marc,DF
England,SAKA Bukayo,FW
England,ANDERSON Elliot,MF
England,KANE Harry,FW
England,BELLINGHAM Jude,MF
England,RASHFORD Marcus,FW
England,LIVRAMENTO Tino,DF
England,HENDERSON Dean,GK
England,HENDERSON Jordan,MF
England,BURN Dan,DF
England,MAINOO Kobbie,MF
England,ROGERS Morgan,MF
England,GORDON Anthony,FW
England,WATKINS Ollie,FW
England,MADUEKE Noni,FW
England,EZE Eberechi,MF
England,TONEY Ivan,FW
England,TRAFFORD James,GK
England,JAMES Reece,DF
England,SPENCE Djed,DF
England,QUANSAH Jarell,DF
France,SAMBA Brice,GK
France,GUSTO Malo,DF
France,DIGNE Lucas,DF
France,UPAMECANO Dayot,DF
France,KOUNDE Jules,DF
France,KONE Manu,MF
France,DEMBELE Ousmane,FW
France,TCHOUAMENI Aurelien,MF
France,THURAM Marcus,FW
France,MBAPPE Kylian,FW
France,OLISE Michael,FW
France,BARCOLA Bradley,FW
France,KANTE Ngolo,MF
France,RABIOT Adrien,MF
France,KONATE Ibrahima,DF
France,MAIGNAN Mike,GK
France,SALIBA William,DF
France,ZAIRE-EMERY Warren,MF
France,HERNANDEZ Theo,DF
France,DOUE Desire,FW
France,HERNANDEZ Lucas,DF
France,MATETA Jean-Philippe,FW
France,RISSER Robin,GK
France,CHERKI Rayan,MF
France,AKLIOUCHE Maghnes,MF
France,LACROIX Maxence,DF
Germany,NEUER Manuel,GK
Germany,RUEDIGER Antonio,DF
Germany,ANTON Waldemar,DF
Germany,TAH Jonathan,DF
Germany,PAVLOVIC Aleksandar,MF
Germany,KIMMICH Joshua,DF
Germany,HAVERTZ Kai,FW
Germany,GORETZKA Leon,MF
Germany,LEWELING Jamie,MF
Germany,MUSIALA Jamal,MF
Germany,WOLTEMADE Nick,FW
Germany,BAUMANN Oliver,GK
Germany,GROSS Pascal,MF
Germany,BEIER Maximilian,FW
Germany,SCHLOTTERBECK Nico,DF
Germany,STILLER Angelo,MF
Germany,WIRTZ Florian,MF
Germany,BROWN Nathaniel,DF
Germany,SANE Leroy,MF
Germany,AMIRI Nadiem,MF
Germany,NUEBEL Alexander,GK
Germany,RAUM David,DF
Germany,NMECHA Felix,MF
Germany,THIAW Malick,DF
Germany,OUEDRAOGO Assan,MF
Germany,UNDAV Deniz,FW
Ghana,ZIGI Lawrence Ati,GK
Ghana,SEIDU Alidu,DF
Ghana,YIRENKYI Caleb,MF
Ghana,ADJETEY Jonas,DF
Ghana,PARTEY Thomas,MF
Ghana,MUMIN Abdul,DF
Ghana,FATAWU Abdul,FW
Ghana,SIBO Kwasi,MF
Ghana,AYEW Jordan,FW
Ghana,THOMAS-ASANTE Brandon,FW
Ghana,SEMENYO Antoine,MF
Ghana,ANANG Joseph,GK
Ghana,BAAH Christopher Bonsu,FW
Ghana,MENSAH Gideon,DF
Ghana,OWUSU Elisha,MF
Ghana,ASARE Benjamin,GK
Ghana,RAHMAN Baba,DF
Ghana,OPOKU Jerome,DF
Ghana,WILLIAMS Inaki,FW
Ghana,BOAKYE Augustine,MF
Ghana,OPPONG Kojo Peprah,DF
Ghana,SULEMANA Kamaldeen,FW
Ghana,LUCKASSEN Derrick,DF
Ghana,NUAMAH Ernest,FW
Ghana,ADU Prince,FW
Ghana,SENAYA Marvin,DF
Haiti,PLACIDE Johny,GK
Haiti,ARCUS Carlens,DF
Haiti,THERMONCY Keeto,DF
Haiti,ADE Ricardo,DF
Haiti,DELCROIX Hannes,DF
Haiti,SAINTE Carl,MF
Haiti,ETIENNE Derrick,FW
Haiti,EXPERIENCE Martin,DF
Haiti,NAZON Duckens,FW
Haiti,BELLEGARDE Jean-Ricner,MF
Haiti,DEEDSON Louicius,FW
Haiti,PIERRE Alexandre,GK
Haiti,LACROIX Markhus,DF
Haiti,PIERRE Leverton,MF
Haiti,PROVIDENCE Ruben,FW
Haiti,JOSEPH Lenny,FW
Haiti,JEAN JACQUES Danley,MF
Haiti,ISIDOR Wilson,FW
Haiti,FORTUNE Yassin,FW
Haiti,PIERROT Frantzdy,FW
Haiti,CASIMIR Josue,FW
Haiti,DUVERNE Jean-Kevin,DF
Haiti,DUVERGER Josue,GK
Haiti,PAUGAIN Wilguens,DF
Haiti,SIMON Dominique,MF
Haiti,PIERRE Woodensky,MF
Iran,BEIRANVAND Alireza,GK
Iran,HARDANI Saleh,DF
Iran,HAJISAFI Ehsan,DF
Iran,KHALILZADEH Shoja,DF
Iran,MOHAMMADI Milad,DF
Iran,EZATOLAHI Saeid,MF
Iran,JAHANBAKHSH Alireza,MF
Iran,MOHEBBI Mohammad,MF
Iran,TAREMI Mehdi,FW
Iran,GHAYEDI Mehdi,FW
Iran,ALIPOUR Ali,FW
Iran,NIAZMAND Payam,GK
Iran,KANANI Hossein,DF
Iran,GHODDOS Saman,MF
Iran,CHESHMI Roozbeh,MF
Iran,TORABI Mehdi,MF
Iran,YOUSEFI Arya,DF
Iran,HOSSEINZADEH Amirhossein,FW
Iran,NEMATI Ali,DF
Iran,MOGHANLOO Shahriyar,FW
Iran,GHORBANI Mohammad,MF
Iran,HOSSEINI Hossein,GK
Iran,REZAEIAN Ramin,DF
Iran,DARGAHI Dennis,FW
Iran,IRI Danial,DF
Iran,RAZAGHINIA Amirmohammad,MF
Iraq,FAHAD TALIB,GK
Iraq,REBIN SULAKA,DF
Iraq,HUSSEIN ALI,DF
Iraq,ZAID TAHSEEN,DF
Iraq,AKAM HASHIM,DF
Iraq,MUNAF YOUNUS,DF
Iraq,YOUSSEF AMYN,MF
Iraq,IBRAHIM BAYESH,MF
Iraq,ALI ALHAMADI,FW
Iraq,MOHANAD ALI,FW
Iraq,AHMED QASEM,FW
Iraq,JALAL HASSAN,GK
Iraq,ALI YOUSIF,FW
Iraq,ZIDANE IQBAL,MF
Iraq,AHMED MAKNAZI,DF
Iraq,AMIR ALAMMARI,MF
Iraq,ALI JASIM,FW
Iraq,AYMEN HUSSEIN,FW
Iraq,KEVIN YAKOB,MF
Iraq,AIMAR SHER,MF
Iraq,MARKO FARJI,FW
Iraq,AHMED BASIL,GK
Iraq,MERCHAS DOSKI,DF
Iraq,ZAID ISMAEL,MF
Iraq,MUSTAFA SAADOON,DF
Iraq,FRANS PUTROS,DF
Japan,SUZUKI Zion,GK
Japan,SUGAWARA Yukinari,DF
Japan,TANIGUCHI Shogo,DF
Japan,ITAKURA Kou,DF
Japan,NAGATOMO Yuto,DF
Japan,ENDO Wataru,MF
Japan,TANAKA Ao,MF
Japan,KUBO Takefusa,MF
Japan,GOTO Keisuke,FW
Japan,DOAN Ritsu,MF
Japan,MAEDA Daizen,MF
Japan,OSAKO Keisuke,GK
Japan,NAKAMURA Keito,MF
Japan,ITO Junya,MF
Japan,KAMADA Daichi,MF
Japan,WATANABE Tsuyoshi,DF
Japan,SUZUKI Yuito,MF
Japan,UEDA Ayase,FW
Japan,OGAWA Koki,FW
Japan,SEKO Ayumu,DF
Japan,ITO Hiroki,DF
Japan,TOMIYASU Takehiro,DF
Japan,HAYAKAWA Tomoki,GK
Japan,SANO Kaishu,MF
Japan,SUZUKI Junnosuke,DF
Japan,SHIOGAI Kento,FW
Jordan,YAZEED ABULAILA,GK
Jordan,MOHAMMAD ABUHASHEESH,DF
Jordan,ABDALLAH NASIB,DF
Jordan,HUSAM ABUDAHAB,DF
Jordan,YAZAN ALARAB,DF
Jordan,AMER JAMOUS,MF
Jordan,MOHAMMAD ABUZRAIQ,FW
Jordan,NOOR ALRAWABDEH,MF
Jordan,ALI OLWAN,FW
Jordan,MOUSA ALTAMARI,FW
Jordan,ODEH FAKHOURY,FW
Jordan,NOUR BANIATEYAH,GK
Jordan,MAHMOUD ALMARDI,FW
Jordan,RAJAEI AYED,MF
Jordan,IBRAHIM SADEH,MF
Jordan,MOHAMMAD ABUALNADI,DF
Jordan,SALEEM OBAID,DF
Jordan,MOHAMMAD ABUGHOUSH,MF
Jordan,SAED ALROSAN,DF
Jordan,MOHANNAD ABUTAHA,MF
Jordan,NIZAR ALRASHDAN,MF
Jordan,ABDALLAH ALFAKHORI,GK
Jordan,EHSAN HADDAD,DF
Jordan,ALI AZAIZEH,FW
Jordan,MOHAMMAD ALDAOUD,MF
Jordan,ANAS BADAWI,DF
Korea Republic,KIM Seunggyu,GK
Korea Republic,LEE Hanbeom,DF
Korea Republic,LEE Gihyuk,MF
Korea Republic,KIM Minjae,DF
Korea Republic,KIM Taehyeon,DF
Korea Republic,HWANG Inbeom,MF
Korea Republic,SON Heungmin,FW
Korea Republic,PAIK Seungho,MF
Korea Republic,CHO Guesung,FW
Korea Republic,LEE Jaesung,MF
Korea Republic,HWANG Heechan,MF
Korea Republic,SONG Bumkeun,GK
Korea Republic,LEE Taeseok,DF
Korea Republic,CHO Wije,DF
Korea Republic,KIM Moonhwan,DF
Korea Republic,PARK Jinseob,DF
Korea Republic,BAE Junho,MF
Korea Republic,OH Hyeongyu,FW
Korea Republic,LEE Kangin,MF
Korea Republic,YANG Hyunjun,MF
Korea Republic,JO Hyeonwoo,GK
Korea Republic,SEOL Youngwoo,DF
Korea Republic,CASTROP Jens,DF
Korea Republic,KIM Jingyu,MF
Korea Republic,EOM Jisung,MF
Korea Republic,LEE Donggyeong,MF
Mexico,RANGEL Raul,GK
Mexico,SANCHEZ Jorge,DF
Mexico,MONTES Cesar,DF
Mexico,ALVAREZ Edson,DF
Mexico,VASQUEZ Johan,DF
Mexico,LIRA Erik,MF
Mexico,ROMO Luis,MF
Mexico,FIDALGO Alvaro,MF
Mexico,JIMENEZ Raul,FW
Mexico,VEGA Alexis,FW
Mexico,GIMENEZ Santiago,FW
Mexico,ACEVEDO Carlos,GK
Mexico,OCHOA Guillermo,GK
Mexico,GONZALEZ Armando,FW
Mexico,REYES Israel,DF
Mexico,QUINONES Julian,FW
Mexico,PINEDA Orbelin,MF
Mexico,VARGAS Obed,MF
Mexico,MORA Gilberto,MF
Mexico,CHAVEZ Mateo,DF
Mexico,HUERTA Cesar,FW
Mexico,MARTINEZ Guillermo,FW
Mexico,GALLARDO Jesus,DF
Mexico,CHAVEZ Luis,MF
Mexico,ALVARADO Roberto,FW
Mexico,GUTIERREZ Brian,MF
Morocco,BOUNOU Yassine,GK
Morocco,HAKIMI Achraf,DF
Morocco,MAZRAOUI Noussair,DF
Morocco,AMRABAT Sofyan,MF
Morocco,AGUERD Nayef,DF
Morocco,BOUADDI Ayyoub,MF
Morocco,TALBI Chemsdine,MF
Morocco,OUNAHI Azzedine,MF
Morocco,RAHIMI Souane,FW
Morocco,DIAZ Brahim,FW
Morocco,SAIBARI Ismael,MF
Morocco,EL KAJOUI Munir,GK
Morocco,EL OUAHDI Zakaria,DF
Morocco,DIOP Issa,DF
Morocco,EL MOURABET Samir,MF
Morocco,YASSINE Gessime,MF
Morocco,EZZALZOULI Abde,FW
Morocco,RIAD Chadi,DF
Morocco,BELAMMARI Youssef,DF
Morocco,EL KAABI Ayoub,FW
Morocco,AMAIMOUNI Ayoube,FW
Morocco,TAGNAOUTI Ahmed Reda,GK
Morocco,EL KHANNOUSS Bilal,MF
Morocco,EL AYNAOUI Neil,MF
Morocco,HALHAL Redouane,DF
Morocco,SALAH EDDINE Anass,DF
Netherlands,VERBRUGGEN Bart,GK
Netherlands,GEERTRUIDA Lutsharel,DF
Netherlands,DE ROON Marten,MF
Netherlands,VAN DIJK Virgil,DF
Netherlands,AKE Nathan,DF
Netherlands,VAN HECKE Jan Paul,DF
Netherlands,KLUIVERT Justin,MF
Netherlands,GRAVENBERCH Ryan,MF
Netherlands,WEGHORST Wout,FW
Netherlands,DEPAY Memphis,FW
Netherlands,GAKPO Cody,FW
Netherlands,WIEFFER Mats,DF
Netherlands,ROEFS Robin,GK
Netherlands,REIJNDERS Tijjani,MF
Netherlands,VAN DE VEN Micky,DF
Netherlands,TIL Guus,MF
Netherlands,LANG Noa,FW
Netherlands,MALEN Donyell,FW
Netherlands,BROBBEY Brian,FW
Netherlands,KOOPMEINERS Teun,MF
Netherlands,DE JONG Frenkie,MF
Netherlands,DUMFRIES Denzel,DF
Netherlands,FLEKKEN Mark,GK
Netherlands,SUMMERVILLE Crysencio,FW
Netherlands,HATO Jorrel,DF
Netherlands,TIMBER Quinten,MF
New Zealand,CROCOMBE Max,GK
New Zealand,PAYNE Tim,DF
New Zealand,DE VRIES Francis,DF
New Zealand,BINDON Tyler,DF
New Zealand,BOXALL Michael,DF
New Zealand,BELL Joe,MF
New Zealand,GARBETT Matthew,MF
New Zealand,STAMENIC Marko,MF
New Zealand,WOOD Chris,FW
New Zealand,SINGH Sarpreet,MF
New Zealand,JUST Elijah,MF
New Zealand,PAULSEN Alex,GK
New Zealand,CACACE Liberato,DF
New Zealand,RUFER Alex,MF
New Zealand,PIJNAKER Nando,DF
New Zealand,SURMAN Finn,DF
New Zealand,BARBAROUSES Kosta,FW
New Zealand,WAINE Ben,FW
New Zealand,OLD Ben,MF
New Zealand,McCOWATT Callum,MF
New Zealand,RANDALL Jesse,FW
New Zealand,WOUD Michael,GK
New Zealand,THOMAS Ryan,MF
New Zealand,ELLIOT Callan,DF
New Zealand,BAYLISS Lachlan,MF
New Zealand,SMITH Tommy,DF
Norway,NYLAND Orjan,GK
Norway,THORSBY Morten,MF
Norway,AJER Kristoffer,DF
Norway,OSTIGARD Leo,DF
Norway,MOLLER WOLFE David,DF
Norway,BERG Patrick,MF
Norway,SORLOTH Alexander,FW
Norway,BERGE Sander,MF
Norway,HAALAND Erling,FW
Norway,ODEGAARD Martin,MF
Norway,STRAND LARSEN Jorgen,FW
Norway,TANGVIK Sander,GK
Norway,SELVIK Egil,GK
Norway,AURSNES Fredrik,MF
Norway,BJORKAN Fredrik Andre,DF
Norway,HOLMGREN PEDERSEN Marcus,DF
Norway,HEGGEM Torbjorn,DF
Norway,THORSTVEDT Kristian,MF
Norway,AASGAARD Thelo,MF
Norway,NUSA Antonio,FW
Norway,SCHJELDERUP Andreas,MF
Norway,BOBB Oscar,MF
Norway,HAUGE Jens Petter,MF
Norway,LANGAS Sondre,DF
Norway,FALCHENER Henrik,DF
Norway,RYERSON Julian,FW
Panama,MEJIA Luis,GK
Panama,BLACKMAN Cesar,DF
Panama,CORDOBA Jose,DF
Panama,ESCOBAR Fidel,DF
Panama,FARINA Edgardo,DF
Panama,MARTINEZ Cristian,MF
Panama,RODRIGUEZ Jose Luis,MF
Panama,CARRASQUILLA Adalberto,MF
Panama,RODRIGUEZ Tomas,FW
Panama,DIAZ Ismael,MF
Panama,BARCENAS Edgar Yoel,MF
Panama,SAMUDIO Cesar,GK
Panama,RAMOS Jiovany,DF
Panama,HARVEY Carlos,DF
Panama,DAVIS Eric,DF
Panama,ANDRADE Andres,DF
Panama,FAJARDO Jose,FW
Panama,WATERMAN Cecilio,FW
Panama,QUINTERO Alberto,MF
Panama,GODOY Anibal,MF
Panama,YANIS Cesar,MF
Panama,MOSQUERA Orlando,GK
Panama,MURILLO Amir,DF
Panama,LONDONO Azarias,FW
Panama,MILLER Roderick,DF
Panama,GUTIERREZ Jorge,DF
Paraguay,FERNANDEZ Gatito,GK
Paraguay,VELAZQUEZ Gustavo,DF
Paraguay,ALDERETE Omar,DF
Paraguay,CACERES Juan Jose,DF
Paraguay,BALBUENA Fabian,DF
Paraguay,ALONSO Junior,DF
Paraguay,SOSA Ramon,MF
Paraguay,GOMEZ Diego,MF
Paraguay,SANABRIA Antonio,FW
Paraguay,ALMIRON Miguel,MF
Paraguay,MAURICIO,MF
Paraguay,GILL Orlando,GK
Paraguay,CANALE Jose,DF
Paraguay,CUBAS Andres,MF
Paraguay,GOMEZ Gustavo,DF
Paraguay,BOBADILLA Damian,MF
Paraguay,ROMERO GAMARRA Alejandro,FW
Paraguay,ARCE Alex,FW
Paraguay,ENCISO Julio,FW
Paraguay,OJEDA Braian,MF
Paraguay,AVALOS Gabriel,FW
Paraguay,OLVEIRA Gaston,GK
Paraguay,GALARZA Matias,MF
Paraguay,CABALLERO Gustavo,MF
Paraguay,PITTA Isidro,FW
Paraguay,MAIDANA Alexandro,DF
Portugal,DIOGO COSTA,GK
Portugal,NELSON SEMEDO,DF
Portugal,RUBEN DIAS,DF
Portugal,TOMAS ARAUJO,DF
Portugal,DIOGO DALOT,DF
Portugal,MATHEUS NUNES,MF
Portugal,CRISTIANO RONALDO,FW
Portugal,BRUNO FERNANDES,MF
Portugal,GONCALO RAMOS,FW
Portugal,BERNARDO SILVA,MF
Portugal,JOAO FELIX,FW
Portugal,JOSE SA,GK
Portugal,RENATO VEIGA,DF
Portugal,GONCALO INACIO,DF
Portugal,JOAO NEVES,MF
Portugal,FRANCISCO TRINCAO,FW
Portugal,RAFAEL LEAO,FW
Portugal,PEDRO NETO,FW
Portugal,GONCALO GUEDES,FW
Portugal,JOAO CANCELO,DF
Portugal,RUBEN NEVES,MF
Portugal,RUI SILVA,GK
Portugal,VITINHA,MF
Portugal,SAMU COSTA,DF
Portugal,NUNO MENDES,DF
Portugal,FRANCISCO CONCEICAO,FW
Qatar,MAHMOUD ABUNADA,GK
Qatar,PEDRO MIGUEL,DF
Qatar,LUCAS MENDES,DF
Qatar,ISSA LAYE,DF
Qatar,JASSEM GABER,DF
Qatar,ABDULAZIZ HATEM,MF
Qatar,AHMED ALAAELDIN,FW
Qatar,EDMILSON JUNIOR,FW
Qatar,MOHAMMED MUNTARI,FW
Qatar,HASSAN ALHAYDOS,FW
Qatar,AKRAM AFIF,FW
Qatar,KARIM BOUDIAF,MF
Qatar,AYOUB ALOUI,DF
Qatar,HOMAM AHMED,DF
Qatar,YUSUF ABDURISAG,FW
Qatar,BOUALEM KHOUKHI,DF
Qatar,AHMED ALGANEHI,MF
Qatar,SULTAN ALBRAKE,DF
Qatar,ALMOEZ ALI,FW
Qatar,AHMED FATHY,MF
Qatar,SALAH ZAKARIA,GK
Qatar,MESHAAL BARSHAM,GK
Qatar,ASSIM MADIBO,MF
Qatar,TAHSIN MOHAMMED,FW
Qatar,ALHASHMI ALHUSSEIN,DF
Qatar,MOHAMED MANAI,FW
Saudi Arabia,NAWAF ALAQIDI,GK
Saudi Arabia,ALI MAJRASHI,DF
Saudi Arabia,ALI LAJAMI,DF
Saudi Arabia,ABDULELAH ALAMRI,DF
Saudi Arabia,HASSAN ALTAMBAKTI,DF
Saudi Arabia,NASSER ALDAWSARI,MF
Saudi Arabia,MUSAB ALJUWAYR,MF
Saudi Arabia,AIMAN YAHYA,FW
Saudi Arabia,FERAS ALBRIKAN,FW
Saudi Arabia,SALEM ALDAWSARI,FW
Saudi Arabia,SALEH ALSHEHRI,FW
Saudi Arabia,SAUD ABDULHAMID,DF
Saudi Arabia,NAWAF BU WASHL,DF
Saudi Arabia,HASSAN KADISH,DF
Saudi Arabia,ABDULLAH ALKHAIBARI,MF
Saudi Arabia,ZIYAD ALJOHANI,MF
Saudi Arabia,KHALID ALGHANNAM,FW
Saudi Arabia,ALA ALHAJJI,MF
Saudi Arabia,ABDULLAH ALHAMDDAN,FW
Saudi Arabia,SULTAN MANDASH,FW
Saudi Arabia,MOHAMMED ALOWAIS,GK
Saudi Arabia,AHMED ALKASSAR,GK
Saudi Arabia,MOHAMED KANNO,MF
Saudi Arabia,MOTEB ALHARBI,DF
Saudi Arabia,JEHAD THIKRI,DF
Saudi Arabia,MOHAMMED ABU ALSHAMAT,DF
Scotland,GUNN Angus,GK
Scotland,HICKEY Aaron,DF
Scotland,ROBERTSON Andy,DF
Scotland,McTOMINAY Scott,MF
Scotland,HANLEY Grant,DF
Scotland,TIERNEY Kieran,DF
Scotland,McGINN John,MF
Scotland,FLETCHER Tyler,MF
Scotland,DYKES Lyndon,FW
Scotland,ADAMS Che,FW
Scotland,CHRISTIE Ryan,MF
Scotland,KELLY Liam,GK
Scotland,HENDRY Jack,DF
Scotland,STEWART Ross,FW
Scotland,SOUTTAR John,DF
Scotland,HYAM Dominic,DF
Scotland,GANNON-DOAK Ben,FW
Scotland,HIRST George,FW
Scotland,FERGUSON Lewis,MF
Scotland,SHANKLAND Lawrence,FW
Scotland,GORDON Craig,GK
Scotland,PATTERSON Nathan,DF
Scotland,McLEAN Kenny,MF
Scotland,RALSTON Anthony,DF
Scotland,CURTIS Findlay,FW
Scotland,McKENNA Scott,DF
Senegal,DIOUF Yehvann,GK
Senegal,SARR Mamadou,DF
Senegal,KOULIBALY Kalidou,DF
Senegal,SECK Abdoulaye,DF
Senegal,GUEYE Idrissa Gana,MF
Senegal,CISS Pathe,MF
Senegal,DIAO Assane,FW
Senegal,CAMARA Lamine,MF
Senegal,DIENG Bamba,FW
Senegal,MANE Sadio,FW
Senegal,JACKSON Nicolas,FW
Senegal,NDIAYE Cherif,FW
Senegal,NDIAYE Iliman,FW
Senegal,JAKOBS Ismail,DF
Senegal,DIATTA Krepin,DF
Senegal,MENDY Edouard,GK
Senegal,SARR Pape Matar,MF
Senegal,SARR Ismaila,FW
Senegal,NIAKHATE Moussa,DF
Senegal,MBAYE Ibrahim,FW
Senegal,DIARRA Habib,MF
Senegal,NDIAYE Bara Sapoko,MF
Senegal,DIAW Mory,GK
Senegal,MENDY Antoine,DF
Senegal,DIOUF El Hadji Malick,DF
Senegal,GUEYE Pape,MF
South Africa,WILLIAMS Ronwen,GK
South Africa,MATULUDI Thabang,DF
South Africa,NDAMANE Khulumani,DF
South Africa,MOKOENA Teboho,MF
South Africa,MBATHA Thalente,MF
South Africa,MODIBA Aubrey,DF
South Africa,APPOLLIS Oswin,FW
South Africa,MOREMI Tshepang,FW
South Africa,FOSTER Lyle,FW
South Africa,MOFOKENG Relebohile,FW
South Africa,ZWANE Themba,MF
South Africa,MASEKO Thapelo,FW
South Africa,SITHOLE Sphephelo,MF
South Africa,MBOKAZI Mbekezeli,DF
South Africa,RAYNERS Iqraam,FW
South Africa,CHAINE Sipho,GK
South Africa,MAKGOPA Evidence,FW
South Africa,KABINI Samukele,DF
South Africa,SIBISI Nkosinathi,DF
South Africa,MUDAU Khuliso,DF
South Africa,OKON Ime,DF
South Africa,GOSS Ricardo,GK
South Africa,ADAMS Jayden,MF
South Africa,MAKHANYA Olwethu,DF
South Africa,SEBELEBELE Kamogelo,FW
South Africa,CROSS Bradley,DF
Spain,RAYA David,GK
Spain,PUBILL Marc,DF
Spain,GRIMALDO Alex,DF
Spain,GARCIA Eric,DF
Spain,LLORENTE Marcos,DF
Spain,MERINO Mikel,MF
Spain,TORRES Ferran,FW
Spain,RUIZ Fabian,MF
Spain,GAVI,MF
Spain,OLMO Dani,FW
Spain,PINO Yeremy,FW
Spain,PORRO Pedro,DF
Spain,GARCIA Joan,GK
Spain,LAPORTE Aymeric,DF
Spain,BAENA Alex,MF
Spain,RODRI,MF
Spain,WILLIAMS Nico,FW
Spain,ZUBIMENDI Martin,MF
Spain,YAMAL Lamine,FW
Spain,PEDRI,MF
Spain,OYARZABAL Mikel,FW
Spain,CUBARSI Pau,DF
Spain,SIMON Unai,GK
Spain,CUCURELLA Marc,DF
Spain,MUNOZ Victor,FW
Spain,IGLESIAS Borja,FW
Sweden,WIDELL ZETTERSTROM Jacob,GK
Sweden,LAGERBIELKE Gustaf,DF
Sweden,LINDELOF Victor,DF
Sweden,HIEN Isak,DF
Sweden,GUDMUNDSSON Gabriel,DF
Sweden,JOHANSSON Herman,DF
Sweden,BERGVALL Lucas,MF
Sweden,SVENSSON Daniel,DF
Sweden,ISAK Alexander,FW
Sweden,NYGREN Benjamin,MF
Sweden,ELANGA Anthony,FW
Sweden,JOHANSSON Viktor,GK
Sweden,SEMA Ken,MF
Sweden,EKDAL Hjalmar,DF
Sweden,STARFELT Carl,DF
Sweden,KARLSTROM Jesper,MF
Sweden,GYOKERES Viktor,FW
Sweden,AYARI Yasin,MF
Sweden,SVANBERG Mattias,MF
Sweden,SMITH Eric,DF
Sweden,BERNHARDSSON Alexander,DF
Sweden,ZENELI Besfort,MF
Sweden,NORDFELDT Kristoffer,GK
Sweden,STROUD Elliot,DF
Sweden,NILSSON Gustaf,FW
Sweden,ALI Taha,FW
Switzerland,KOBEL Gregor,GK
Switzerland,MUHEIM Miro,DF
Switzerland,WIDMER Silvan,DF
Switzerland,ELVEDI Nico,DF
Switzerland,AKANJI Manuel,DF
Switzerland,ZAKARIA Denis,MF
Switzerland,EMBOLO Breel,FW
Switzerland,FREULER Remo,MF
Switzerland,MANZAMBI Johan,MF
Switzerland,XHAKA Granit,MF
Switzerland,NDOYE Dan,FW
Switzerland,MVOGO Yvon,GK
Switzerland,RODRIGUEZ Ricardo,DF
Switzerland,JASHARI Ardon,MF
Switzerland,SOW Djibril,MF
Switzerland,FASSNACHT Christian,FW
Switzerland,VARGAS Ruben,FW
Switzerland,COEMERT Eray,DF
Switzerland,OKAFOR Noah,FW
Switzerland,AEBISCHER Michel,MF
Switzerland,KELLER Marvin,GK
Switzerland,RIEDER Fabian,MF
Switzerland,AMDOUNI Zeki,FW
Switzerland,AMENDA Aurele,DF
Switzerland,JAQUEZ Luca,DF
Switzerland,ITTEN Cedric,FW
Tunisia,CHAMAKH Mouhib,GK
Tunisia,ABDI Ali,DF
Tunisia,TALBI Montassar,DF
Tunisia,REKIK Omar,DF
Tunisia,AROUS Adam,DF
Tunisia,BRONN Dylan,DF
Tunisia,ACHOURI Elias,FW
Tunisia,SAAD Elias,FW
Tunisia,MASTOURI Hazem,FW
Tunisia,MEJBRI Hannibal,MF
Tunisia,GHARBI Ismael,MF
Tunisia,BEN OUANES Mortadha,DF
Tunisia,KHEDIRA Rani,MF
Tunisia,AYARI Khalil,MF
Tunisia,HADJ MAHMOUD Mohamed,MF
Tunisia,DAHMEN Aymen,GK
Tunisia,SKHIRI Ellyes,MF
Tunisia,ELLOUMI Rayan,FW
Tunisia,CHAOUAT Firas,FW
Tunisia,VALERY Yan,DF
Tunisia,BEN HMIDA Mohamed Amine,DF
Tunisia,BEN HESSEN Sabri,GK
Tunisia,NEFFATI Moutaz,DF
Tunisia,CHIKHAOUI Raed,DF
Tunisia,SLIMANE Anis,MF
Tunisia,TOUNEKTI Sebastian,MF
Turkiye,GUNOK Mert,GK
Turkiye,CELIK Zeki,DF
Turkiye,DEMIRAL Merih,DF
Turkiye,SOYUNCU Caglar,DF
Turkiye,OZCAN Salih,MF
Turkiye,KOKCU Orkun,MF
Turkiye,AKTURKOGLU Kerem,FW
Turkiye,GULER Arda,FW
Turkiye,GUL Deniz,FW
Turkiye,CALHANOGLU Hakan,MF
Turkiye,YILDIZ Kenan,FW
Turkiye,BAYINDIR Altay,GK
Turkiye,ELMALI Eren,DF
Turkiye,BARDAKCI Abdulkerim,DF
Turkiye,KABAK Ozan,DF
Turkiye,YUKSEK Ismail,MF
Turkiye,KAHVECI Irfan Can,FW
Turkiye,MULDUR Mert,DF
Turkiye,AKGUN Yunus,FW
Turkiye,KADIOGLU Ferdi,DF
Turkiye,YILMAZ Baris Alper,FW
Turkiye,AYHAN Kaan,MF
Turkiye,CAKIR Ugurcan,GK
Turkiye,AYDIN Oguz,FW
Turkiye,AKAYDIN Samet,DF
Turkiye,UZUN Can,FW
Uruguay,ROCHET Sergio,GK
Uruguay,GIMENEZ Jose Maria,DF
Uruguay,CACERES Sebastian,DF
Uruguay,ARAUJO Ronald,DF
Uruguay,UGARTE Manuel,MF
Uruguay,BENTANCUR Rodrigo,MF
Uruguay,DE LA CRUZ Nicolas,MF
Uruguay,VALVERDE Federico,MF
Uruguay,NUNEZ Darwin,FW
Uruguay,DE ARRASCAETA Giorgian,MF
Uruguay,PELLISTRI Facundo,FW
Uruguay,MELE Santiago,GK
Uruguay,VARELA Guillermo,DF
Uruguay,CANOBBIO Agustin,MF
Uruguay,MARTINEZ Emiliano,MF
Uruguay,OLIVERA Mathias,DF
Uruguay,VINA Matias,DF
Uruguay,RODRIGUEZ Brian Paul,FW
Uruguay,AGUIRRE Rodrigo,FW
Uruguay,ARAUJO Maxi,MF
Uruguay,VINAS Federico,FW
Uruguay,PIQUEREZ Joaquin,MF
Uruguay,MUSLERA Fernando,GK
Uruguay,BUENO Santiago,DF
Uruguay,SANABRIA Juan Manuel,MF
Uruguay,ZALAZAR Rodrigo,MF
USA,TURNER Matt,GK
USA,DEST Sergino,DF
USA,RICHARDS Chris,DF
USA,ADAMS Tyler,MF
USA,ROBINSON Antonee,DF
USA,TRUSTY Auston,DF
USA,REYNA Giovanni,MF
USA,McKENNIE Weston,MF
USA,PEPI Ricardo,FW
USA,PULISIC Christian,FW
USA,AARONSON Brenden,FW
USA,ROBINSON Miles,DF
USA,REAM Tim,DF
USA,BERHALTER Sebastian,MF
USA,ROLDAN Cristian,MF
USA,FREEMAN Alex,DF
USA,TILLMAN Malik,MF
USA,ARFSTEN Max,DF
USA,WRIGHT Haji,FW
USA,BALOGUN Folarin,FW
USA,WEAH Timothy,FW
USA,McKENZIE Mark,DF
USA,SCALLY Joe,DF
USA,FREESE Matt,GK
USA,BRADY Chris,GK
USA,ZENDEJAS Alex,FW
Uzbekistan,YUSUPOV Utkir,GK
Uzbekistan,KHUSANOV Abdukodir,DF
Uzbekistan,ALIJONOV Khojiakbar,DF
Uzbekistan,SAYFIEV Farrukh,DF
Uzbekistan,ASHURMATOV Rustam,DF
Uzbekistan,MOZGOVOY Akmal,MF
Uzbekistan,SHUKUROV Otabek,MF
Uzbekistan,ISKANDEROV Jamshid,MF
Uzbekistan,XAMROBEKOV Odiljon,MF
Uzbekistan,MASHARIPOV Jaloliddin,MF
Uzbekistan,URUNOV Oston,MF
Uzbekistan,NEMATOV Abduvohid,GK
Uzbekistan,NASRULLAEV Sherzod,DF
Uzbekistan,SHOMURODOV Eldor,FW
Uzbekistan,ESHMURODOV Umar,DF
Uzbekistan,ERGASHEV Botirali,GK
Uzbekistan,KHAMDAMOV Dostonbek,MF
Uzbekistan,ABDULLAEV Abdulla,DF
Uzbekistan,GANIEV Azizjon,MF
Uzbekistan,AMONOV Azizbek,FW
Uzbekistan,SERGEEV Igor,FW
Uzbekistan,FAYZULLAEV Abbosbek,MF
Uzbekistan,ESANOV Sherzod,MF
Uzbekistan,KARIMOV Behruzjon,DF
Uzbekistan,ULMASALIYEV Avazbek,DF
Uzbekistan,UROZOV Jakhongir,DF
